delta_A,delta_B,share_A,share_B,payoff_A,payoff_B
0.1,0.1,0.9090909090909092,0.09090909090909083,909.0909090909091,90.90909090909082
0.1,0.2,0.8163265306122449,0.18367346938775508,816.3265306122449,183.6734693877551
0.1,0.3,0.7216494845360825,0.27835051546391754,721.6494845360825,278.35051546391753
0.1,0.4,0.625,0.375,625.0,375.0
0.1,0.5,0.5263157894736842,0.4736842105263158,526.3157894736842,473.68421052631584
0.1,0.6,0.4255319148936171,0.5744680851063829,425.53191489361706,574.4680851063829
0.1,0.7,0.32258064516129037,0.6774193548387096,322.58064516129036,677.4193548387096
0.1,0.8,0.21739130434782605,0.782608695652174,217.39130434782606,782.608695652174
0.1,0.9,0.10989010989010986,0.8901098901098902,109.89010989010985,890.1098901098902
0.2,0.1,0.9183673469387755,0.08163265306122447,918.3673469387755,81.63265306122447
0.2,0.2,0.8333333333333334,0.16666666666666663,833.3333333333334,166.66666666666663
0.2,0.3,0.7446808510638298,0.25531914893617025,744.6808510638298,255.31914893617025
0.2,0.4,0.6521739130434783,0.34782608695652173,652.1739130434783,347.82608695652175
0.2,0.5,0.5555555555555556,0.4444444444444444,555.5555555555555,444.4444444444444
0.2,0.6,0.4545454545454546,0.5454545454545454,454.54545454545456,545.4545454545454
0.2,0.7,0.34883720930232565,0.6511627906976744,348.8372093023256,651.1627906976744
0.2,0.8,0.23809523809523805,0.761904761904762,238.09523809523805,761.9047619047619
0.2,0.9,0.1219512195121951,0.8780487804878049,121.95121951219511,878.0487804878048
0.3,0.1,0.9278350515463918,0.07216494845360821,927.8350515463918,72.16494845360822
0.3,0.2,0.8510638297872342,0.14893617021276584,851.0638297872341,148.93617021276583
0.3,0.3,0.7692307692307692,0.23076923076923084,769.2307692307692,230.76923076923083
0.3,0.4,0.6818181818181818,0.31818181818181823,681.8181818181818,318.18181818181824
0.3,0.5,0.5882352941176471,0.4117647058823529,588.2352941176471,411.7647058823529
0.3,0.6,0.4878048780487805,0.5121951219512195,487.8048780487805,512.1951219512196
0.3,0.7,0.379746835443038,0.620253164556962,379.746835443038,620.253164556962
0.3,0.8,0.26315789473684204,0.736842105263158,263.157894736842,736.8421052631579
0.3,0.9,0.13698630136986298,0.863013698630137,136.98630136986299,863.013698630137
0.4,0.1,0.9375000000000001,0.06249999999999989,937.5000000000001,62.499999999999886
0.4,0.2,0.8695652173913044,0.13043478260869557,869.5652173913045,130.43478260869557
0.4,0.3,0.7954545454545454,0.20454545454545459,795.4545454545454,204.5454545454546
0.4,0.4,0.7142857142857143,0.2857142857142857,714.2857142857143,285.7142857142857
0.4,0.5,0.625,0.375,625.0,375.0
0.4,0.6,0.5263157894736842,0.4736842105263158,526.3157894736842,473.68421052631584
0.4,0.7,0.41666666666666674,0.5833333333333333,416.66666666666674,583.3333333333333
0.4,0.8,0.2941176470588235,0.7058823529411765,294.1176470588235,705.8823529411765
0.4,0.9,0.15625,0.84375,156.25,843.75
0.5,0.1,0.9473684210526316,0.05263157894736836,947.3684210526317,52.63157894736836
0.5,0.2,0.888888888888889,0.11111111111111105,888.8888888888889,111.11111111111104
0.5,0.3,0.8235294117647058,0.17647058823529416,823.5294117647059,176.47058823529414
0.5,0.4,0.7499999999999999,0.2500000000000001,749.9999999999999,250.0000000000001
0.5,0.5,0.6666666666666666,0.33333333333333337,666.6666666666666,333.33333333333337
0.5,0.6,0.5714285714285715,0.4285714285714285,571.4285714285716,428.5714285714285
0.5,0.7,0.46153846153846156,0.5384615384615384,461.53846153846155,538.4615384615385
0.5,0.8,0.33333333333333326,0.6666666666666667,333.33333333333326,666.6666666666667
0.5,0.9,0.18181818181818177,0.8181818181818182,181.81818181818176,818.1818181818182
0.6,0.1,0.9574468085106383,0.04255319148936165,957.4468085106383,42.55319148936165
0.6,0.2,0.9090909090909092,0.09090909090909083,909.0909090909091,90.90909090909082
0.6,0.3,0.8536585365853657,0.14634146341463428,853.6585365853657,146.3414634146343
0.6,0.4,0.7894736842105263,0.21052631578947367,789.4736842105264,210.52631578947367
0.6,0.5,0.7142857142857143,0.2857142857142857,714.2857142857143,285.7142857142857
0.6,0.6,0.625,0.375,625.0,375.0
0.6,0.7,0.5172413793103449,0.48275862068965514,517.2413793103449,482.7586206896551
0.6,0.8,0.3846153846153845,0.6153846153846154,384.6153846153845,615.3846153846155
0.6,0.9,0.21739130434782605,0.782608695652174,217.39130434782606,782.608695652174
0.7,0.1,0.9677419354838709,0.032258064516129115,967.7419354838709,32.25806451612912
0.7,0.2,0.930232558139535,0.06976744186046502,930.232558139535,69.76744186046501
0.7,0.3,0.8860759493670886,0.11392405063291144,886.0759493670886,113.92405063291145
0.7,0.4,0.8333333333333334,0.16666666666666663,833.3333333333334,166.66666666666663
0.7,0.5,0.7692307692307692,0.23076923076923084,769.2307692307692,230.76923076923083
0.7,0.6,0.689655172413793,0.31034482758620696,689.655172413793,310.344827586207
0.7,0.7,0.5882352941176472,0.4117647058823528,588.2352941176472,411.7647058823528
0.7,0.8,0.45454545454545436,0.5454545454545456,454.5454545454544,545.4545454545456
0.7,0.9,0.27027027027027023,0.7297297297297298,270.2702702702702,729.7297297297298
0.8,0.1,0.9782608695652175,0.021739130434782483,978.2608695652175,21.73913043478248
0.8,0.2,0.9523809523809524,0.04761904761904756,952.3809523809524,47.619047619047564
0.8,0.3,0.9210526315789473,0.07894736842105265,921.0526315789474,78.94736842105266
0.8,0.4,0.8823529411764707,0.11764705882352933,882.3529411764707,117.64705882352932
0.8,0.5,0.8333333333333334,0.16666666666666663,833.3333333333334,166.66666666666663
0.8,0.6,0.7692307692307693,0.23076923076923073,769.2307692307693,230.76923076923072
0.8,0.7,0.6818181818181819,0.3181818181818181,681.8181818181819,318.18181818181813
0.8,0.8,0.5555555555555556,0.4444444444444444,555.5555555555555,444.4444444444444
0.8,0.9,0.35714285714285715,0.6428571428571428,357.14285714285717,642.8571428571428
0.9,0.1,0.989010989010989,0.01098901098901095,989.0109890109891,10.98901098901095
0.9,0.2,0.9756097560975611,0.024390243902438935,975.6097560975611,24.390243902438936
0.9,0.3,0.958904109589041,0.04109589041095896,958.904109589041,41.09589041095896
0.9,0.4,0.9375000000000001,0.06249999999999989,937.5000000000001,62.499999999999886
0.9,0.5,0.9090909090909091,0.09090909090909094,909.090909090909,90.90909090909093
0.9,0.6,0.8695652173913044,0.13043478260869557,869.5652173913045,130.43478260869557
0.9,0.7,0.810810810810811,0.18918918918918903,810.810810810811,189.18918918918902
0.9,0.8,0.7142857142857143,0.2857142857142857,714.2857142857143,285.7142857142857
0.9,0.9,0.5263157894736843,0.4736842105263157,526.3157894736843,473.6842105263157
